Date,SPY,QQQ,IWM,IWD,IWF,Mkt-RF,SMB,HML,RMW,CMA,RF,VIX,Bull_Bear
1993-01-01,,,,,,0.009300000000000001,0.019299999999999998,0.0594,-0.0184,0.0291,0.0023,Low VIX,Neutral
1993-02-01,0.01066827143020399,,,,,0.0012,-0.0345,0.0642,-0.0042,0.041299999999999996,0.0022,Low VIX,Neutral
1993-03-01,0.017593514021141177,,,,,0.023,0.0009,0.0118,-0.0015,0.009000000000000001,0.0025,Low VIX,Neutral
1993-04-01,-0.020985685737888504,,,,,-0.0305,-0.0085,0.024900000000000002,-0.0361,0.0138,0.0024,Low VIX,Neutral
1993-05-01,0.02696921754686432,,,,,0.028900000000000002,0.019,-0.0342,-0.0012,-0.0104,0.0022,Low VIX,Neutral
1993-06-01,-0.003455257046411475,,,,,0.0031,0.0013,0.0275,-0.0092,0.0121,0.0025,Low VIX,Neutral
1993-07-01,0.0021978699094160614,,,,,-0.0034000000000000002,0.0095,0.0285,-0.0187,0.0206,0.0024,Low VIX,Neutral
1993-08-01,0.03832772904039894,,,,,0.0371,0.001,0.0013,-0.0154,-0.0004,0.0025,Low VIX,Neutral
1993-09-01,-0.01342300626427817,,,,,-0.0012,0.0298,-0.0031,0.0024,-0.0016,0.0026,Low VIX,Neutral
1993-10-01,0.026081829200863105,,,,,0.0141,0.0189,-0.0276,0.005699999999999999,0.006,0.0022,Low VIX,Neutral
1993-11-01,-0.010673313690523156,,,,,-0.0189,-0.0127,-0.0074,0.0223,-0.009399999999999999,0.0025,Low VIX,Neutral
1993-12-01,0.005394013264843345,,,,,0.0165,0.013999999999999999,0.0032,0.0116,-0.0034000000000000002,0.0023,Low VIX,Neutral
1994-01-01,0.04195981573095198,,,,,0.0287,-0.0006,0.0115,-0.0166,0.0143,0.0025,Low VIX,Neutral
1994-02-01,-0.029164155296715788,,,,,-0.0255,0.026699999999999998,-0.0154,0.021400000000000002,-0.01,0.0021,Low VIX,Neutral
1994-03-01,-0.04739599283308116,,,,,-0.0478,-0.0104,0.016,0.0069,0.0128,0.0027,Low VIX,Neutral
1994-04-01,0.01704498597590076,,,,,0.0068000000000000005,-0.0101,0.0166,0.010700000000000001,0.0111,0.0027,High VIX,Neutral
1994-05-01,0.015939469056869493,,,,,0.0058,-0.0256,0.0067,0.006,0.0068000000000000005,0.0031,Low VIX,Neutral
1994-06-01,-0.029330969099380932,,,,,-0.030299999999999997,-0.005,0.0167,0.0121,0.0147,0.0031,Low VIX,Neutral
1994-07-01,0.03915071917958479,,,,,0.0282,-0.018500000000000003,0.0058,-0.006500000000000001,0.0014000000000000002,0.0028000000000000004,Low VIX,Neutral
1994-08-01,0.038121322176411176,,,,,0.0401,0.0137,-0.025099999999999997,0.0095,-0.0147,0.0037,Low VIX,Neutral
1994-09-01,-0.031148161211127623,,,,,-0.0231,0.027999999999999997,-0.0189,0.0052,0.009300000000000001,0.0037,Low VIX,Neutral
1994-10-01,0.034681030854323724,,,,,0.0134,-0.023,-0.016200000000000003,0.0023,-0.0068000000000000005,0.0038,Low VIX,Neutral
1994-11-01,-0.03981521963405443,,,,,-0.0404,0.0007000000000000001,-0.006999999999999999,0.0042,-0.005,0.0037,Low VIX,Neutral
1994-12-01,-0.0006851246952861434,,,,,0.0086,0.0,-0.0013,0.0037,0.0038,0.0044,Low VIX,Neutral
1995-01-01,0.04184899417457255,,,,,0.018000000000000002,-0.030600000000000002,0.025699999999999997,0.0017000000000000001,-0.0075,0.0042,Low VIX,Neutral
1995-02-01,0.04080911848987845,,,,,0.0363,-0.0054,0.0108,0.0059,-0.0033,0.004,Low VIX,Neutral
1995-03-01,0.02231456420431388,,,,,0.0219,-0.0051,-0.0215,-0.0017000000000000001,0.0022,0.0046,Low VIX,Neutral
1995-04-01,0.03519620732277984,,,,,0.021099999999999997,-0.0022,0.0171,0.0040999999999999995,0.009000000000000001,0.0044,Low VIX,Bull
1995-05-01,0.03967255752101506,,,,,0.028999999999999998,-0.0219,0.0229,0.0039000000000000003,0.0004,0.0054,Low VIX,Bull
1995-06-01,0.014273044999187245,,,,,0.027200000000000002,0.030600000000000002,-0.0254,-0.0033,-0.024399999999999998,0.004699999999999999,Low VIX,Bull
1995-07-01,0.0382271431206036,,,,,0.037200000000000004,0.0209,-0.016200000000000003,0.003,-0.0165,0.0045000000000000005,Low VIX,Bull
1995-08-01,0.004451699065143089,,,,,0.0055000000000000005,0.0175,0.0279,-0.0124,0.016200000000000003,0.004699999999999999,Low VIX,Bull
1995-09-01,0.0368416293663516,,,,,0.0335,-0.018799999999999997,-0.0004,0.0103,0.0036,0.0043,Low VIX,Bull
1995-10-01,0.002383672372777035,,,,,-0.0152,-0.0404,-0.005,0.0191,-0.0005,0.004699999999999999,Low VIX,Bull
1995-11-01,0.044479703426169026,,,,,0.039599999999999996,-0.010700000000000001,0.0051,-0.0062,0.011200000000000002,0.0042,Low VIX,Bull
1995-12-01,0.00949249770017957,,,,,0.0103,0.0072,0.0022,-0.0137,0.031,0.0049,Low VIX,Bull
1996-01-01,0.04197972852108056,,,,,0.0226,-0.0256,0.0038,0.0018,0.0231,0.0043,Low VIX,Bull
1996-02-01,0.0031903035887614895,,,,,0.013300000000000001,0.0177,-0.0108,0.0024,-0.019,0.0039000000000000003,Low VIX,Bull
1996-03-01,0.0127201333457716,,,,,0.0073,0.0161,0.0034999999999999996,0.014199999999999999,-0.0095,0.0039000000000000003,Low VIX,Bull
1996-04-01,0.015359669547295729,,,,,0.0206,0.0471,-0.04019999999999999,-0.0014000000000000002,-0.021099999999999997,0.0046,High VIX,Bull
1996-05-01,0.02269994403499731,,,,,0.0236,0.0321,-0.0083,0.0012,-0.003,0.0042,Low VIX,Bull
1996-06-01,0.0035048559138484148,,,,,-0.011399999999999999,-0.0365,0.0235,0.0351,0.012199999999999999,0.004,Low VIX,Bull
1996-07-01,-0.039874987037630594,,,,,-0.059699999999999996,-0.0381,0.051399999999999994,0.029500000000000002,0.026000000000000002,0.0045000000000000005,Low VIX,Bull
1996-08-01,0.01925855379410768,,,,,0.0277,0.025699999999999997,-0.0074,-0.0037,-0.0242,0.0040999999999999995,High VIX,Neutral
1996-09-01,0.050466240947500296,,,,,0.0501,-0.0139,-0.027200000000000002,0.0127,-0.0222,0.0044,High VIX,Neutral
1996-10-01,0.03764417753713323,,,,,0.0086,-0.0377,0.049400000000000006,0.013999999999999999,0.0325,0.0042,Low VIX,Neutral
1996-11-01,0.07300465399600431,,,,,0.0625,-0.038,0.0139,0.0212,-0.0079,0.0040999999999999995,High VIX,Neutral
1996-12-01,-0.028572128761803706,,,,,-0.017,0.0325,0.0131,0.0037,0.0149,0.0046,High VIX,Bull
1997-01-01,0.06700423337257333,,,,,0.0499,-0.0182,-0.014199999999999999,0.011899999999999999,-0.0002,0.0045000000000000005,High VIX,Bull
1997-02-01,0.009565333271346121,,,,,-0.0049,-0.0259,0.0567,0.0067,0.0347,0.0039000000000000003,High VIX,Bull
1997-03-01,-0.04776944225825319,,,,,-0.050300000000000004,-0.0043,0.0339,0.005,0.0166,0.0043,High VIX,Bull
1997-04-01,0.06667336310737593,,,,,0.0404,-0.057,0.0007000000000000001,0.0326,-0.0072,0.0043,High VIX,Neutral
1997-05-01,0.06320605216012543,,,,,0.0674,0.0475,-0.041299999999999996,-0.0102,-0.0296,0.0049,High VIX,Bull
1997-06-01,0.03706510000810481,,,,,0.040999999999999995,0.011899999999999999,0.0158,0.005600000000000001,0.0066,0.0037,High VIX,Bull
1997-07-01,0.08346624529122737,,,,,0.0733,-0.0276,0.0026,0.0007000000000000001,-0.0258,0.0043,High VIX,Bull
1997-08-01,-0.0518030919616963,,,,,-0.0415,0.0761,0.0118,-0.0111,-0.0004,0.0040999999999999995,High VIX,Bull
1997-09-01,0.04426010491722754,,,,,0.0535,0.024900000000000002,0.0037,-0.0163,-0.0091,0.0044,High VIX,Bull
1997-10-01,-0.02092527297636526,,,,,-0.038,-0.0052,0.0227,0.01,0.0194,0.0042,High VIX,Bull
1997-11-01,0.03869667583751579,,,,,0.0298,-0.051100000000000007,0.012,0.0281,0.0184,0.0039000000000000003,High VIX,Bull
1997-12-01,0.015032358921632571,,,,,0.0132,-0.0203,0.0384,0.0074,0.0192,0.0048,High VIX,Bull
1998-01-01,0.01690834355733828,,,,,0.0015,-0.013600000000000001,-0.0163,0.0087,-0.0073,0.0043,High VIX,Bull
1998-02-01,0.06929441149898863,,,,,0.0704,0.002,-0.0085,-0.0031,-0.0254,0.0039000000000000003,High VIX,Bull
1998-03-01,0.0457792349031525,,,,,0.047599999999999996,-0.006500000000000001,0.0139,-0.0026,-0.0037,0.0039000000000000003,High VIX,Bull
1998-04-01,0.015702128535109106,,,,,0.0073,0.0,0.009399999999999999,-0.0169,-0.0036,0.0043,High VIX,Bull
1998-05-01,-0.02076957612036001,,,,,-0.030699999999999998,-0.029500000000000002,0.0344,0.011000000000000001,0.026099999999999998,0.004,High VIX,Bull
1998-06-01,0.03926683853066404,,,,,0.0318,-0.0366,-0.0196,-0.0026,-0.0297,0.0040999999999999995,High VIX,Bull
1998-07-01,-0.010375173060184428,,,,,-0.0246,-0.0527,-0.0178,0.0174,0.0045000000000000005,0.004,High VIX,Bull
1998-08-01,-0.14117920150083296,,,,,-0.16079999999999997,-0.051699999999999996,0.0353,0.0337,0.0591,0.0043,High VIX,Neutral
1998-09-01,0.059895259729180195,,,,,0.061500000000000006,-0.0078000000000000005,-0.0342,-0.018799999999999997,-0.029900000000000003,0.0046,High VIX,Neutral
1998-10-01,0.08489989999456582,,,,,0.0713,-0.034300000000000004,-0.0223,0.009300000000000001,0.0031,0.0032,High VIX,Neutral
1998-11-01,0.055681456291904796,,,,,0.061,0.0075,-0.0325,-0.0086,-0.0118,0.0031,High VIX,Neutral
1998-12-01,0.06189436135320814,,,,,0.0616,-0.015600000000000001,-0.04190000000000001,-0.0076,-0.0339,0.0038,High VIX,Bull
1999-01-01,0.03866488389979228,,,,,0.035,-0.0075,-0.046,-0.0277,-0.068,0.0034999999999999996,High VIX,Bull
1999-02-01,-0.03206865432044659,,,,,-0.0408,-0.052199999999999996,0.0192,-0.0123,0.040999999999999995,0.0034999999999999996,High VIX,Bull
1999-03-01,0.038948398351767555,,,,,0.0345,-0.042300000000000004,-0.0274,-0.0407,-0.014199999999999999,0.0043,High VIX,Bull
1999-04-01,0.040492412174930825,0.02382378034539201,,,,0.0433,0.0452,0.0246,-0.0253,0.0089,0.0037,High VIX,Bull
1999-05-01,-0.022866199353398176,-0.03141371432496942,,,,-0.0246,0.0371,0.0235,0.009300000000000001,0.0334,0.0034000000000000002,High VIX,Bull
1999-06-01,0.05220186581083697,0.10750728402769227,,,,0.04769999999999999,0.0229,-0.0319,0.0113,-0.0321,0.004,High VIX,Bull
1999-07-01,-0.028096425940562386,-0.0178956643081829,,,,-0.0349,0.025699999999999997,-0.0044,0.0036,0.0322,0.0038,High VIX,Bull
1999-08-01,-0.0051786359355109335,0.05466597982347765,,,,-0.0138,-0.0173,-0.0187,-0.0024,0.0064,0.0039000000000000003,High VIX,Neutral
1999-09-01,-0.025083109357958766,0.008376929401701316,,,,-0.0279,0.0259,-0.0349,-0.0075,-0.0123,0.0039000000000000003,High VIX,Neutral
1999-10-01,0.067074534082882,0.09241961821770484,,,,0.061200000000000004,-0.0691,-0.0337,-0.0174,-0.011899999999999999,0.0039000000000000003,High VIX,Neutral
1999-11-01,0.01665158482350737,0.11787037525668254,,,,0.0337,0.057999999999999996,-0.061200000000000004,-0.042800000000000005,-0.0174,0.0036,High VIX,Neutral
1999-12-01,0.0545209012818495,0.2431974271947146,,,,0.07719999999999999,0.053899999999999997,-0.0833,-0.076,-0.056299999999999996,0.0044,High VIX,Neutral
2000-01-01,-0.047454830590694,-0.018468013890879487,,,,-0.047400000000000005,0.044199999999999996,-0.018799999999999997,-0.0629,0.0472,0.0040999999999999995,High VIX,Bull
2000-02-01,-0.015226130195010179,0.1902446064016472,,,,0.0245,0.18280000000000002,-0.0959,-0.1865,-0.0048,0.0043,High VIX,Neutral
2000-03-01,0.09413327034002239,0.025760632839777475,,,,0.052000000000000005,-0.1532,0.08130000000000001,0.11789999999999999,-0.0159,0.004699999999999999,High VIX,Neutral
2000-04-01,-0.03266762401056833,-0.1347034568290103,,,,-0.064,-0.0501,0.0726,0.0766,0.0565,0.0046,High VIX,Bull
2000-05-01,-0.015722778305218843,-0.12269097455749778,,,,-0.044199999999999996,-0.0381,0.0475,0.041299999999999996,0.0137,0.005,High VIX,Neutral
2000-06-01,0.017286511975439067,0.12406016421612942,0.08620668792683195,-0.0306718827563478,0.05405439301568471,0.0464,0.0992,-0.0842,-0.08310000000000001,-0.029500000000000002,0.004,High VIX,Neutral
2000-07-01,-0.013385157554149596,-0.042809581303930755,-0.02710922425352391,-0.00019372684320895228,-0.03884373812672903,-0.025099999999999997,-0.0103,0.08310000000000001,0.0583,0.0294,0.0048,High VIX,Neutral
2000-08-01,0.065341435572974,0.13626858032256517,0.06965249649504712,0.059663767809083224,0.09453108110249708,0.0703,-0.0103,-0.0139,-0.0322,0.011000000000000001,0.005,High VIX,Neutral
2000-09-01,-0.05723079157696043,-0.12669145679419103,-0.036046976975546596,0.0005389398352269037,-0.09306331327672368,-0.0545,0.0019,0.0717,0.0256,0.0553,0.0051,Low VIX,Neutral
2000-10-01,-0.002177661470931791,-0.07940142828760755,-0.04138195643595988,0.02924292143629348,-0.0524769272820127,-0.0276,-0.0265,0.0571,0.09609999999999999,0.038,0.005600000000000001,High VIX,Neutral
2000-11-01,-0.07465311647422868,-0.22910660459025,-0.09974781089462459,-0.03779523844701704,-0.14811120029461078,-0.1072,-0.0058,0.12300000000000001,0.1307,0.0843,0.0051,High VIX,Neutral
2000-12-01,-0.008268337002103276,-0.07318306673810904,0.07433445866857369,0.047734827276330494,-0.02956331047935734,0.011899999999999999,0.0326,0.0761,0.0171,0.0479,0.005,High VIX,Neutral
2001-01-01,0.04766284099930984,0.10149910478653945,0.05859934861652705,0.003741232641302883,0.07528562068686795,0.0313,0.0548,-0.0507,-0.046900000000000004,-0.050300000000000004,0.0054,High VIX,Bear
2001-02-01,-0.09538745245061175,-0.26205306718877275,-0.0668975531047804,-0.02697795236754419,-0.17750536560461305,-0.1005,0.028300000000000002,0.1247,0.091,0.0907,0.0038,High VIX,Neutral
2001-03-01,-0.05857177462360119,-0.17492105888879328,-0.048327469215047714,-0.03987659179756242,-0.11044877980230006,-0.0726,0.0233,0.0642,0.0335,0.0392,0.0042,High VIX,Bear
2001-04-01,0.0883625642568655,0.17879976338375037,0.08478615873594775,0.05389774265770608,0.13018561886837743,0.0794,-0.0086,-0.0467,-0.030600000000000002,-0.032,0.0039000000000000003,High VIX,Bear
2001-05-01,-0.005605806784673706,-0.03076914375517925,0.02164928112847897,0.02205237382950065,-0.012914989989673997,0.0072,0.036000000000000004,0.0336,0.0025,0.0191,0.0032,High VIX,Neutral
2001-06-01,-0.026597592827575678,0.021685093323180915,0.028254485817171826,-0.02705439209398497,-0.013437026447562728,-0.0194,0.06570000000000001,-0.011200000000000002,0.016,-0.0151,0.0028000000000000004,High VIX,Neutral
2001-07-01,-0.007380256053526546,-0.08621397833547373,-0.05302551612421447,0.0049288544105279275,-0.03603874472161306,-0.0213,-0.0282,0.0521,0.0742,0.030600000000000002,0.003,High VIX,Neutral
2001-08-01,-0.05933283160143654,-0.12284488820516692,-0.0243170405161246,-0.04119803772572861,-0.08183017048704688,-0.0646,0.027200000000000002,0.0231,0.0405,0.06559999999999999,0.0031,High VIX,Neutral
2001-09-01,-0.08506404530565781,-0.20884513881214417,-0.14580914023021996,-0.07581694303592479,-0.09864263438276877,-0.0925,-0.057300000000000004,0.014499999999999999,0.0499,0.0322,0.0028000000000000004,High VIX,Bear
2001-10-01,0.016823341787091994,0.16977280989493426,0.06109705728280046,-0.007492110581002187,0.05123584031552286,0.0246,0.0527,-0.0765,-0.0298,-0.045599999999999995,0.0022,High VIX,Bear
2001-11-01,0.0779772231425262,0.1696162429955015,0.08034138683317749,0.06165340048284684,0.09471835218646363,0.0754,-0.003,0.022099999999999998,-0.0373,-0.016399999999999998,0.0017000000000000001,High VIX,Bear
2001-12-01,0.002192465910514807,-0.018663685350025716,0.05185551019288259,0.015582215287005763,-0.003521520223998098,0.016,0.0516,0.0084,0.0034000000000000002,-0.0026,0.0015,High VIX,Neutral
2002-01-01,-0.006393482452451638,-0.01027956312695244,0.0013472533342875348,-0.001572425064099603,-0.018000415931940905,-0.0144,0.0126,0.0344,0.046900000000000004,0.0286,0.0014000000000000002,High VIX,Neutral
2002-02-01,-0.01793582107900804,-0.12282559550166039,-0.031185181573135434,0.0050841119906859245,-0.03622897815996695,-0.0229,-0.0036,0.0216,0.08070000000000001,0.051100000000000007,0.0013,High VIX,Neutral
2002-03-01,0.03031925600062224,0.06749527932720678,0.07403413662784297,0.043721749546407285,0.03156783353674397,0.0424,0.0425,0.0106,-0.0178,0.0059,0.0013,High VIX,Neutral
2002-04-01,-0.05545781961351881,-0.12007754434504048,0.013170941685554105,-0.03374894347846047,-0.08222332718421976,-0.052000000000000005,0.0672,0.0388,0.045599999999999995,0.0537,0.0015,High VIX,Neutral
2002-05-01,-0.005933163329937874,-0.05326194325429068,-0.04738343266123635,0.0003600495452393826,-0.02613632632743379,-0.0138,-0.0301,0.015300000000000001,0.0236,0.024399999999999998,0.0014000000000000002,High VIX,Neutral
2002-06-01,-0.07703799780546683,-0.1311580032638041,-0.06062246623948164,-0.06199417539625829,-0.0933691328962809,-0.0721,0.038900000000000004,-0.0005,0.0393,0.0252,0.0013,High VIX,Neutral
2002-07-01,-0.0755955113186958,-0.08620730680954669,-0.1311787681794252,-0.08357137702689776,-0.051189760820611,-0.0818,-0.0643,-0.0385,0.0379,-0.009899999999999999,0.0015,High VIX,Bear
2002-08-01,0.006801094768582816,-0.015094293695233296,-0.0063655579980467225,0.0035692314858810636,-0.0010500756821498758,0.005,-0.0131,0.032799999999999996,0.013600000000000001,-0.0146,0.0014000000000000002,High VIX,Bear
2002-09-01,-0.10884719319317804,-0.11792281848849484,-0.083279947734761,-0.11464422279916142,-0.09908051412174879,-0.1035,0.0308,0.014499999999999999,0.032799999999999996,-0.022000000000000002,0.0014000000000000002,High VIX,Bear
2002-10-01,0.08713499231378985,0.18484592914593412,0.04470276134762119,0.08316105937113583,0.08623237327640143,0.0784,-0.0431,-0.0394,-0.0339,0.0077,0.0014000000000000002,High VIX,Bear
2002-11-01,0.061681189251375335,0.12912444416988134,0.08469827407748842,0.06383008959629777,0.05730414859037691,0.0596,0.029300000000000003,-0.0126,-0.0922,0.0512,0.0012,High VIX,Bear
2002-12-01,-0.06118269292513179,-0.12085122873626752,-0.06187391074114512,-0.054433269565898224,-0.07480873922718079,-0.0576,0.0060999999999999995,0.021400000000000002,0.063,-0.0168,0.0011,High VIX,Neutral
2003-01-01,-0.01980156540508693,0.002871766423508726,-0.015974602731999243,-0.018510267198013852,-0.02201895144977628,-0.025699999999999997,0.0069,-0.008100000000000001,-0.0097,0.006999999999999999,0.001,High VIX,Neutral
2003-02-01,-0.013478930754290408,0.02946009573377939,-0.03003753856759972,-0.02169108813361542,-0.00253826834031301,-0.018799999999999997,-0.009399999999999999,-0.0137,0.0084,-0.0060999999999999995,0.0009,High VIX,Neutral
2003-03-01,-0.001884712533559374,0.003577297082363984,-0.00013882447357527194,-0.007999974361624473,0.01357123316750708,0.0109,0.0066,-0.0194,0.018600000000000002,-0.0078000000000000005,0.001,High VIX,Neutral
2003-04-01,0.08898493369176719,0.08712876334086839,0.10528910835454242,0.09358332824262483,0.08037611259575006,0.08220000000000001,0.0101,0.0115,-0.0467,0.010700000000000001,0.001,High VIX,Neutral
2003-05-01,0.05483577276063567,0.08524599624495299,0.10869000466533674,0.06693480326168322,0.052263422372220036,0.0605,0.0482,0.0039000000000000003,-0.0701,0.028999999999999998,0.0009,High VIX,Neutral
2003-06-01,0.007013948407218251,0.005371113518818138,0.009883429252139475,0.003970590558090903,0.009344006846399466,0.014199999999999999,0.0166,0.0011,0.005,-0.0039000000000000003,0.001,High VIX,Bull
2003-07-01,0.02170479253101032,0.0617694444419401,0.0667676296505042,0.021991660620185982,0.026974767720407522,0.0235,0.0454,-0.0124,-0.0414,0.0178,0.0007000000000000001,High VIX,Bull
2003-08-01,0.02062586058800142,0.05000038210524704,0.04784508723983172,0.01458285022615402,0.024007373811129717,0.023399999999999997,0.0248,0.015300000000000001,-0.0225,0.021400000000000002,0.0007000000000000001,High VIX,Bull
2003-09-01,-0.014688295426287246,-0.029051175060815004,-0.0217718797488069,-0.014756616119249832,-0.010677495579904273,-0.0124,0.0054,0.0017000000000000001,0.0101,0.0034999999999999996,0.0008,High VIX,Bull
2003-10-01,0.05757112125038133,0.08513285511428803,0.08961965936911365,0.06878149369081621,0.05530447333522859,0.0608,0.0271,0.0197,-0.013500000000000002,0.0155,0.0007000000000000001,High VIX,Bull
2003-11-01,0.010921424810670377,0.005684730986673658,0.03744112431416324,0.010793840324918591,0.009354119783593573,0.013500000000000002,0.0233,0.0178,0.0019,0.0181,0.0007000000000000001,Low VIX,Bull
2003-12-01,0.04537262892902061,0.03052607437639665,0.0123347118878121,0.05647061843585477,0.0326561651486843,0.0429,-0.024900000000000002,0.016,0.005600000000000001,0.009399999999999999,0.0008,Low VIX,Bull
2004-01-01,0.024588692250758548,0.01712737658566077,0.04920534671866772,0.028757401450094422,0.027165920443852132,0.0215,0.0245,0.024900000000000002,-0.0366,0.0338,0.0007000000000000001,High VIX,Bull
2004-02-01,0.013570820607820666,-0.01348747322625854,0.009515801708021465,0.021391284736421712,0.005854053826544803,0.013999999999999999,-0.0092,0.0088,0.0216,-0.0123,0.0006,Low VIX,Bull
2004-03-01,-0.016692806034365626,-0.0199615989674764,0.007711621653398337,-0.012038628879816882,-0.020993824592451915,-0.0132,0.021,0.0027,0.015600000000000001,-0.0098,0.0009,Low VIX,Bull
2004-04-01,-0.015481871906730227,-0.02985501390653733,-0.053453298845226205,-0.023354858086799823,-0.009463088527078889,-0.0183,-0.0202,-0.030699999999999998,0.0347,-0.0281,0.0008,Low VIX,Neutral
2004-05-01,0.017122925597879313,0.05119300367242774,0.021510171062200323,0.009788711529084893,0.01954046281449906,0.011699999999999999,-0.0038,-0.0025,-0.0118,0.0003,0.0006,Low VIX,Neutral
2004-06-01,0.014797393936140768,0.03255881390197635,0.039559539784824294,0.0214287349535629,0.007792920877795373,0.018600000000000002,0.0256,0.0118,0.012,-0.0039000000000000003,0.0008,Low VIX,Neutral
2004-07-01,-0.028685900874183545,-0.07551716825653088,-0.06525020270453485,-0.008020023017751843,-0.05103359852984923,-0.0406,-0.0296,0.032400000000000005,0.053200000000000004,-0.0166,0.001,Low VIX,Neutral
2004-08-01,0.002435540921250645,-0.02493528838035186,-0.015090992797023195,0.012310849467269236,-0.010806845668544174,0.0008,-0.011399999999999999,0.0097,0.0123,-0.0147,0.0011,Low VIX,Neutral
2004-09-01,0.005850511391722213,0.032921585956559696,0.050858079458095506,0.008828443829232091,0.007803414369743855,0.016,0.0327,0.0,-0.0149,-0.018799999999999997,0.0011,Low VIX,Neutral
2004-10-01,0.01710035208210603,0.050085782463251904,0.0229582505806869,0.020607284240408585,0.015985091420624764,0.0143,0.0019,-0.0022,-0.0052,0.0049,0.0011,Low VIX,Neutral
2004-11-01,0.04143162196772732,0.060162400419868645,0.0920043236037269,0.0505771364300025,0.03950263582880509,0.0454,0.041100000000000005,0.0141,-0.0058,-0.0022,0.0015,Low VIX,Neutral
2004-12-01,0.02831624121666798,0.020449627077854027,0.02064962618918753,0.027399961079358714,0.031912563037096,0.034300000000000004,-0.0005,-0.0022,-0.0116,0.0046,0.0016,Low VIX,Neutral
2005-01-01,-0.017803218405633703,-0.05415273721241731,-0.03755776398074251,-0.01121684127359801,-0.0289182727438958,-0.0276,-0.011699999999999999,0.0206,0.0274,-0.0146,0.0016,Low VIX,Neutral
2005-02-01,0.020904032157842867,-0.004812805681459031,0.0164201361980727,0.03419735936986523,0.01200488588566273,0.0189,-0.0031,0.0154,0.0143,-0.0005,0.0016,Low VIX,Neutral
2005-03-01,-0.022133916726368663,-0.017463788055980034,-0.032705387380078665,-0.02416969380940337,-0.024557908606763545,-0.0197,-0.014199999999999999,0.0204,0.0046,0.0129,0.0021,Low VIX,Neutral
2005-04-01,-0.014880231087551987,-0.0434782582207347,-0.05231965226113855,-0.009429472419097862,-0.015445251621045486,-0.026099999999999998,-0.0398,0.0007000000000000001,0.0097,-0.009399999999999999,0.0021,Low VIX,Neutral
2005-05-01,0.03222417256230359,0.08862208453921494,0.06464728591068614,0.023813276281556384,0.04998896612485937,0.0365,0.0278,-0.0064,-0.01,0.003,0.0024,Low VIX,Neutral
2005-06-01,-0.002510606566785256,-0.03413888906116036,0.03838974454028965,0.006494802246494347,-0.006417057428058426,0.005699999999999999,0.032799999999999996,0.028300000000000002,0.0096,-0.0051,0.0023,Low VIX,Neutral
2005-07-01,0.042451417856892215,0.07712297530201018,0.06821268229265454,0.035189493611912814,0.0525983633145124,0.0392,0.0281,-0.0079,-0.0118,-0.008199999999999999,0.0024,Low VIX,Neutral
2005-08-01,-0.0093743410021353,-0.015158846544657156,-0.02003203115623453,-0.00494934710591588,-0.014670827133875464,-0.012199999999999999,-0.0089,0.0132,-0.020499999999999997,0.0037,0.003,Low VIX,Neutral
2005-09-01,0.003752517568043068,0.012314059100905439,-0.002104162743638671,0.0070216963286682255,0.002615701165536777,0.0049,-0.0034000000000000002,0.0070999999999999995,0.0027,-0.006,0.0029,Low VIX,Neutral
2005-10-01,-0.019494640531407703,-0.014952001561401751,-0.03637478423714924,-0.02312308429164711,-0.01185598768215046,-0.0202,-0.014499999999999999,0.0042,-0.009300000000000001,-0.0129,0.0027,Low VIX,Neutral
2005-11-01,0.043952762276130874,0.060972492291524016,0.05754146197266685,0.038157079435511054,0.04660141581117516,0.0361,0.0084,-0.0116,-0.0076,-0.0113,0.0031,Low VIX,Neutral
2005-12-01,-0.007176876534870424,-0.020125939328345943,-0.01082248267094088,-0.005044893074266366,-0.00816665633147362,-0.0025,-0.002,0.002,0.0022,0.0023,0.0032,Low VIX,Neutral
2006-01-01,0.029442625671453726,0.04185375115109502,0.088573490916106,0.04412859231960331,0.016176778991495278,0.0304,0.0575,0.0108,-0.006500000000000001,-0.0045000000000000005,0.0034999999999999996,Low VIX,Neutral
2006-02-01,0.005725266113933536,-0.021428776111347747,0.00317882625885324,0.010195182274015169,0.0025143074291948952,-0.003,-0.0042,-0.0034000000000000002,-0.0051,0.0191,0.0034000000000000002,Low VIX,Neutral
2006-03-01,0.012477503453464989,0.02019452615855144,0.04670746372255974,0.010784399667380873,0.01755775380156388,0.0146,0.0339,0.006,0.0006,-0.004,0.0037,Low VIX,Neutral
2006-04-01,0.016659024989507998,-0.0012076626950006109,0.0053096799920557824,0.028358572599654464,-0.0004575327149414221,0.0073,-0.0084,0.023399999999999997,0.018000000000000002,0.0001,0.0036,Low VIX,Neutral
2006-05-01,-0.030121124997032456,-0.07240113866673681,-0.05682435983546519,-0.024337411729247638,-0.036882021042970226,-0.035699999999999996,-0.0285,0.0241,0.0115,0.0146,0.0043,Low VIX,Neutral
2006-06-01,-0.0018034876328608673,-0.0012882928148152395,-0.0019481084711840957,-0.0002742573784726421,-0.0041451132390769585,-0.0034999999999999996,-0.0024,0.0085,0.0132,-0.0007000000000000001,0.004,Low VIX,Neutral
2006-07-01,0.008918065025710353,-0.0424302246597571,-0.027090104697778616,0.029397466992816756,-0.01781104009891432,-0.0078000000000000005,-0.0363,0.026000000000000002,0.0163,0.009000000000000001,0.004,Low VIX,Neutral
2006-08-01,0.021822530818689234,0.047709124971892836,0.02999375103717039,0.015129014978535693,0.028530835599448245,0.0203,0.0044,-0.0206,-0.018600000000000002,0.0209,0.0042,Low VIX,Neutral
2006-09-01,0.022504539348449537,0.045793219340335645,0.003204547234776811,0.01648612139672756,0.02537886400700473,0.0184,-0.0146,0.0008,0.008199999999999999,0.006,0.0040999999999999995,Low VIX,Neutral
2006-10-01,0.03605333543294442,0.04808161865240024,0.06213983650888144,0.03634626953598685,0.03902715496963527,0.0323,0.019799999999999998,-0.0031,-0.0012,0.0028000000000000004,0.0040999999999999995,Low VIX,Neutral
2006-11-01,0.019885075618289783,0.034288517758689574,0.024137065887993137,0.02341149619819638,0.01925581048288416,0.0171,0.0070999999999999995,0.0014000000000000002,0.0015,-0.008,0.0042,Low VIX,Neutral
2006-12-01,0.007756594799074756,-0.01998230044496474,-0.0005122524866570943,0.017094747841100766,-0.00036338408566294333,0.0087,-0.008199999999999999,0.0273,-0.0072,0.0206,0.004,Low VIX,Neutral
2007-01-01,0.02069556417886642,0.022328977780498027,0.021231643282003665,0.01792644812227584,0.02844387632594647,0.013999999999999999,0.0007000000000000001,-0.0068000000000000005,0.0026,0.0038,0.0044,Low VIX,Bull
2007-02-01,-0.01961761141276186,-0.016791521936414977,-0.006552662415942989,-0.014941516074116756,-0.01806301802474508,-0.0196,0.0129,-0.0014000000000000002,-0.0051,-0.0070999999999999995,0.0038,Low VIX,Bull
2007-03-01,0.007592338671295273,0.0046156497868572455,0.007864722219710574,0.00885833873814712,0.003787395981629027,0.0068000000000000005,0.002,-0.0097,0.0064,-0.006500000000000001,0.0043,Low VIX,Neutral
2007-04-01,0.048438072210514216,0.0564884868897777,0.01819038844333254,0.042574079833048506,0.04859769662981228,0.0349,-0.0204,-0.014499999999999999,0.0115,0.0103,0.0044,Low VIX,Neutral
2007-05-01,0.033919962911376,0.03154930640427622,0.04372034750618048,0.03561043459933999,0.036756968084814545,0.032400000000000005,0.004,-0.006500000000000001,0.0158,-0.0137,0.0040999999999999995,Low VIX,Bull
2007-06-01,-0.018849355553455793,0.00400768053226197,-0.016257178432420805,-0.028337982187166655,-0.01905214126486221,-0.0196,0.0074,-0.0105,0.0053,0.0008,0.004,Low VIX,Bull
2007-07-01,-0.027135333409027185,-0.0006900352918103314,-0.06819160995533269,-0.04476346732475933,-0.01176360183319014,-0.0373,-0.029900000000000003,-0.0371,0.002,-0.0113,0.004,Low VIX,Neutral
2007-08-01,0.012833018830141762,0.028192579863210998,0.021271370940831646,0.014922129637970682,0.01216403238122954,0.0092,-0.0038,-0.018600000000000002,-0.0121,-0.0054,0.0042,High VIX,Neutral
2007-09-01,0.03381016983410268,0.051974855256524455,0.016510025536729867,0.027372911652961296,0.04485438345366699,0.0322,-0.024399999999999998,-0.022099999999999998,-0.0052,-0.0302,0.0032,High VIX,Neutral
2007-10-01,0.018374620569287625,0.07097100071922924,0.030988456534259967,0.007279887979348532,0.03104162202661187,0.018000000000000002,-0.0008,-0.0298,-0.0029,-0.0009,0.0032,Low VIX,Neutral
2007-11-01,-0.038732251720463684,-0.0675994741155086,-0.06887813015169753,-0.04822816836109545,-0.03432538550530251,-0.0483,-0.0302,-0.009399999999999999,0.0189,-0.0029,0.0034000000000000002,High VIX,Neutral
2007-12-01,-0.016480475998193356,-0.0017542255211869806,-0.009784920619046567,-0.020146723174775394,-0.00896769710995804,-0.0087,0.0015,-0.0055000000000000005,0.0087,-0.0105,0.0027,High VIX,Neutral
2008-01-01,-0.055475000172488964,-0.11798059050422094,-0.06220061195013271,-0.03463365607040281,-0.07688633105567344,-0.0636,-0.006500000000000001,0.0397,0.0215,0.021400000000000002,0.0021,High VIX,Neutral
2008-02-01,-0.02584281931171939,-0.04830460840621131,-0.029320538301938703,-0.03882612276102171,-0.016613143352651072,-0.030899999999999997,-0.0066,-0.0084,0.0087,-0.0092,0.0013,High VIX,Neutral
2008-03-01,-0.013824219141578609,0.01792794292655553,-0.008277913530713055,-0.007700736902038652,-0.011080742722616832,-0.009300000000000001,0.005600000000000001,0.003,0.0079,0.005,0.0017000000000000001,High VIX,Bear
2008-04-01,0.052848863408071045,0.08066989935457292,0.04724822070142154,0.04857282356171644,0.058412544718407844,0.046,-0.012,-0.009399999999999999,0.0163,-0.024700000000000003,0.0018,High VIX,Neutral
2008-05-01,0.015116593762305897,0.05930926912099466,0.04579812760313828,-0.0024837995085510434,0.0328926494860442,0.018600000000000002,0.0302,-0.0143,0.009300000000000001,-0.0006,0.0018,High VIX,Neutral
2008-06-01,-0.08813660562026682,-0.09678079937461659,-0.07526412209614708,-0.09525653082514962,-0.06924990439502288,-0.08439999999999999,0.0118,-0.0271,0.0496,-0.0055000000000000005,0.0017000000000000001,High VIX,Neutral
2008-07-01,-0.004029098469609416,0.007122638423601169,0.032874712662964045,-0.010717026947877795,-0.022809714855616448,-0.0077,0.037200000000000004,0.0542,-0.013600000000000001,0.0106,0.0015,High VIX,Bear
2008-08-01,0.01545363554758361,0.01451798470059229,0.039621112560505045,0.024170969724063296,0.01578853660962176,0.015300000000000001,0.0346,0.0159,0.018600000000000002,0.0084,0.0013,High VIX,Neutral
2008-09-01,-0.09938648044966747,-0.15633093319615532,-0.0794638889109529,-0.08005771760606595,-0.11210682553000872,-0.0924,0.0025,0.0591,0.0242,0.0178,0.0015,High VIX,Neutral
2008-10-01,-0.1603545336714568,-0.1541463179803758,-0.20788551253143828,-0.16433501736057365,-0.17491158464077605,-0.1723,-0.0334,-0.023,0.0304,0.020499999999999997,0.0008,High VIX,Bear
2008-11-01,-0.06960691214196268,-0.11462449984188172,-0.11925581137864094,-0.07484942811617634,-0.08437632526061678,-0.0786,-0.039,-0.06309999999999999,0.0453,0.0275,0.0003,High VIX,Bear
2008-12-01,0.0016652816251154778,0.021291138308114688,0.04013568580180493,0.009170343807586079,0.013398918218707978,0.0174,0.0329,0.0014000000000000002,0.0007000000000000001,-0.015,0.0,High VIX,Bear
2009-01-01,-0.07466352201112925,-0.02144655148948038,-0.08978941432155718,-0.10815703868021553,-0.04686989660446539,-0.0812,-0.021400000000000002,-0.11289999999999999,0.0018,-0.0116,0.0,High VIX,Bear
2009-02-01,-0.10744887033952943,-0.052649130753853135,-0.11982971815474108,-0.13176490636703653,-0.07508583660920742,-0.10099999999999999,-0.013300000000000001,-0.0695,0.012,-0.0102,0.0001,High VIX,Bear
2009-03-01,0.07561218351773613,0.10134349048725344,0.07407414166328752,0.07180444276926412,0.07872079312853364,0.0895,0.0067,0.0347,-0.0252,-0.0225,0.0002,High VIX,Bear
2009-04-01,0.10721462101693358,0.13247642877864818,0.1576273655346896,0.11651432148266294,0.10623087763160699,0.1018,0.0713,0.0536,0.0131,0.0012,0.0001,High VIX,Bear
2009-05-01,0.0584538415913427,0.032088460884487136,0.03400686865322511,0.06700686424760627,0.05201875917968324,0.0521,-0.0232,0.0028000000000000004,-0.0078000000000000005,-0.0216,0.0,High VIX,Neutral
2009-06-01,-0.0062682157499629465,0.02826516339755325,0.018138452374024228,-0.010396948103452819,0.009348171048501941,0.0043,0.0229,-0.0273,-0.0141,-0.0033,0.0001,High VIX,Neutral
2009-07-01,0.08067585657382947,0.08572045478574086,0.08790110123488692,0.07060264972426666,0.0677556286679648,0.07719999999999999,0.0239,0.0483,-0.0046,0.0313,0.0001,High VIX,Neutral
2009-08-01,0.03693936782702023,0.014702614493517174,0.03293692852599017,0.06195259615658277,0.023916653499680418,0.0333,-0.0009,0.07629999999999999,-0.030299999999999997,0.0334,0.0001,High VIX,Bull
2009-09-01,0.030548834213692366,0.055458011583381595,0.053146891551644426,0.03294821525169156,0.03694553919938026,0.0408,0.0273,0.0104,0.0131,0.0036,0.0001,High VIX,Bull
2009-10-01,-0.01455375724037411,-0.02959446361552709,-0.06270612547947707,-0.027549409404695413,-0.009436455842609992,-0.0259,-0.049400000000000006,-0.0421,0.0417,-0.015,0.0,High VIX,Bull
2009-11-01,0.06160676990459302,0.06347647601180006,0.031244616536524994,0.05734483371508792,0.06233596270565478,0.0556,-0.0268,-0.0034000000000000002,0.01,0.0013,0.0,High VIX,Bull
2009-12-01,0.013643741764557848,0.050275616127035905,0.07488394763849393,0.010741386163409805,0.02635355417986296,0.0275,0.062400000000000004,-0.0016,0.0102,-0.0009,0.0001,High VIX,Bull
2010-01-01,-0.031154415389961776,-0.06313896905005068,-0.03340745706175541,-0.02249213961913521,-0.041115415232990116,-0.0336,0.0034000000000000002,0.0043,-0.0127,0.0046,0.0,High VIX,Bull
2010-02-01,0.031195051658188477,0.046038730162883734,0.04475159175796373,0.03066225395108413,0.03486680205016546,0.034,0.0151,0.0322,-0.0027,0.014199999999999999,0.0,High VIX,Bull
2010-03-01,0.056528363226413525,0.07596089775416837,0.07961703437426837,0.06245611073630375,0.054393844860809226,0.06309999999999999,0.018500000000000003,0.022099999999999998,-0.006500000000000001,0.0169,0.0001,High VIX,Bull
2010-04-01,0.019651921507428005,0.023516626611023828,0.05941743474771921,0.030457619231709865,0.013838768750755515,0.02,0.049800000000000004,0.028900000000000002,0.0069,0.0172,0.0001,Low VIX,Bull
2010-05-01,-0.07945442804212888,-0.07392363693894333,-0.07536674022173329,-0.08202986761196529,-0.07674749406839632,-0.0789,0.0005,-0.024399999999999998,0.013000000000000001,-0.0022,0.0001,High VIX,Bull
2010-06-01,-0.056231098602357976,-0.06337712181449362,-0.07743365807068892,-0.057544916818098035,-0.054661460582566046,-0.0557,-0.024700000000000003,-0.047,-0.0016,-0.0155,0.0001,High VIX,Neutral
2010-07-01,0.07338320458626191,0.07672809591428864,0.06380863554556404,0.06179647420766066,0.06698675508111207,0.0693,0.0012,-0.0031,0.0024,0.02,0.0001,High VIX,Neutral
2010-08-01,-0.044980595985556926,-0.05129899693615947,-0.07139327500267556,-0.036488065072774134,-0.042628207230256066,-0.04769999999999999,-0.0315,-0.019,0.0053,-0.0159,0.0001,High VIX,Neutral
2010-09-01,0.08375272731413097,0.12908470877315836,0.12163528596768636,0.07001597999721976,0.10212422841114255,0.09539999999999998,0.0375,-0.0316,-0.0021,0.0038,0.0001,High VIX,Neutral
2010-10-01,0.04376048369523011,0.0658692773773022,0.04409821298127947,0.036816479505065614,0.05242315419446597,0.0388,0.008,-0.0242,0.011899999999999999,-0.0027,0.0001,High VIX,Neutral
2010-11-01,0.0,-0.001725054591362185,0.03485004487585619,-0.006084154577214895,0.011319463016346898,0.006,0.036699999999999997,-0.0096,0.0046,0.0159,0.0001,High VIX,Neutral
2010-12-01,0.06127071647565274,0.045498100619683735,0.07546446163207121,0.07329548139508235,0.05064217469905641,0.0682,0.0104,0.0369,-0.0344,0.0317,0.0001,High VIX,Neutral
2011-01-01,0.028681767511443024,0.03031640103973121,0.0008051239057804693,0.0274165347443176,0.027955908874122803,0.0199,-0.024300000000000002,0.008199999999999999,-0.0076,0.0083,0.0001,Low VIX,Bull
2011-02-01,0.03473772828438659,0.03160694054937507,0.05541943205361366,0.03786950070356232,0.034271241933352625,0.0349,0.0165,0.0127,-0.0194,0.0088,0.0001,Low VIX,Bull
2011-03-01,-0.004206224240626333,-0.005885263062744728,0.023094573835122922,-0.0017446065444114423,-0.003132149062490708,0.0046,0.0262,-0.0183,0.0176,-0.0003,0.0001,High VIX,Bull
2011-04-01,0.03343154216247379,0.030182232518128904,0.02851803587534829,0.030625142658553317,0.03620335655798135,0.028999999999999998,-0.0055000000000000005,-0.024300000000000002,0.0101,-0.008,0.0,Low VIX,Bull
2011-05-01,-0.011214475288540804,-0.012186898543862679,-0.017941665703484766,-0.010078230908687535,-0.011046665555558222,-0.0127,-0.0062,-0.0212,0.0208,-0.0158,0.0,Low VIX,Bull
2011-06-01,-0.021719925501993864,-0.022447066029309903,-0.024045272015414954,-0.020934861441060826,-0.014408345491780494,-0.0175,0.0016,-0.0042,0.024900000000000002,-0.015300000000000001,0.0,High VIX,Neutral
2011-07-01,-0.015145963513149785,0.018932145840921955,-0.03695687363528677,-0.03925003290890838,-0.012812378800166724,-0.0235,-0.012,-0.0089,0.0268,-0.0181,0.0,Low VIX,Neutral
2011-08-01,-0.05497580356609966,-0.050689537498291526,-0.08617521680757312,-0.05621494200070276,-0.0503495444546328,-0.0599,-0.032,-0.0236,0.033,-0.0038,0.0001,High VIX,Neutral
2011-09-01,-0.07421026904114858,-0.04667652299807612,-0.11493453220967487,-0.08103233057968229,-0.07559746829142744,-0.0759,-0.0366,-0.0173,0.0204,0.0025,0.0,High VIX,Neutral
2011-10-01,0.11488550536913533,0.10606755573776927,0.15547375667140284,0.1211559369542945,0.11151311186730872,0.11349999999999999,0.0346,0.0011,-0.0216,-0.0086,0.0,High VIX,Bear
2011-11-01,-0.004063963947384286,-0.02692002913859315,-0.003783343605421541,-0.006975858697440662,-0.00102978589063496,-0.0028000000000000004,-0.0028000000000000004,-0.0045000000000000005,0.018600000000000002,0.0149,0.0,High VIX,Neutral
2011-12-01,0.004080547143862523,-0.009930972791742265,0.0002711849096173058,0.013571832688647811,-0.00704477022963057,0.0074,-0.0033,0.0163,0.0098,0.0252,0.0,High VIX,Neutral
2012-01-01,0.05301090606222192,0.08833335469066417,0.07668392166645877,0.04563722900945266,0.06483864184990007,0.050499999999999996,0.0206,-0.0097,-0.020099999999999996,-0.0144,0.0,High VIX,Neutral
2012-02-01,0.04340521114437301,0.0641004580357123,0.02568984942262742,0.036413157795970985,0.047160240054147984,0.044199999999999996,-0.0171,0.0043,-0.0048,-0.0001,0.0,High VIX,Neutral
2012-03-01,0.027659782582269532,0.0487501751411894,0.02171508203964878,0.02576538429040154,0.029765097185884937,0.0311,-0.004699999999999999,0.011399999999999999,-0.0054,0.0074,0.0,Low VIX,Bull
2012-04-01,-0.0023220995934176702,-0.010017134731463151,-0.013165919706859985,-0.004522925665806921,0.001722928258096612,-0.0085,-0.0055000000000000005,-0.0078000000000000005,0.013000000000000001,0.006500000000000001,0.0,Low VIX,Bull
2012-05-01,-0.06005588353999858,-0.07040167602126768,-0.06579117909754384,-0.05793336882101363,-0.06424261154101363,-0.061900000000000004,-0.0012,-0.010700000000000001,0.0208,0.0231,0.0001,Low VIX,Bull
2012-06-01,0.03521719083991637,0.033838364723754344,0.04532935638187263,0.043598437873128226,0.023801718060026067,0.038900000000000004,0.0084,0.0062,-0.011000000000000001,0.0046,0.0,High VIX,Neutral
2012-07-01,0.017072261363554997,0.012296548901814086,-0.010317405236994315,0.014475906883818945,0.01471975636073708,0.0079,-0.0278,-0.0002,0.011000000000000001,0.0005,0.0,Low VIX,Neutral
2012-08-01,0.02505291869501347,0.051851687605541485,0.035354653464795716,0.02281642041395182,0.032535664541410325,0.0255,0.0044,0.013000000000000001,-0.013300000000000001,-0.0084,0.0001,High VIX,Neutral
2012-09-01,0.019906142806092708,0.006015136843798619,0.028599208394976205,0.025575357556656853,0.010452567353597564,0.0273,0.0060999999999999995,0.016,-0.0149,0.0154,0.0001,High VIX,Neutral
2012-10-01,-0.012956938655912964,-0.05009136889196997,-0.01787874919174004,0.0003904072523814861,-0.025540131967048074,-0.0176,-0.0089,0.0359,-0.0134,0.025,0.0001,Low VIX,Neutral
2012-11-01,0.005659906395413472,0.013086977407700706,0.005512497232281532,-0.0006964678389419499,0.017451426969331774,0.0078000000000000005,0.0046,-0.0084,0.0060999999999999995,0.0085,0.0001,Low VIX,Neutral
2012-12-01,0.0018287880652969601,-0.010182409949348492,0.027291029480501328,0.01491274956900246,-0.00591953466955597,0.0118,0.0189,0.0351,-0.018500000000000003,0.0091,0.0001,Low VIX,Neutral
2013-01-01,0.05864579596192865,0.032434277999960015,0.07158329045544676,0.07123936384195995,0.048775894450848956,0.0557,0.0048,0.0096,-0.019299999999999998,0.0141,0.0,Low VIX,Neutral
2013-02-01,0.01275888057261243,0.003439510302106763,0.010047080201536218,0.012135105496042575,0.010841034885492373,0.0129,-0.0025,0.0011,-0.0067,0.0052,0.0,Low VIX,Bull
2013-03-01,0.03337523549265575,0.027868880949288855,0.04365578748666321,0.03533221840549583,0.03434714829847607,0.0403,0.0085,-0.0019,0.0013,0.0138,0.0,Low VIX,Bull
2013-04-01,0.023745164102739524,0.027746233512220497,-0.000692844704486828,0.01991047750159236,0.024477332355361092,0.0155,-0.0225,0.0045000000000000005,0.0027,0.0038,0.0,Low VIX,Bull
2013-05-01,0.023609649696378243,0.03577503196955423,0.03932032283572329,0.02670219887241032,0.019347363797685313,0.027999999999999997,0.0206,0.0263,-0.0197,-0.0087,0.0,Low VIX,Bull
2013-06-01,-0.01853816799090946,-0.027030857721615398,-0.008180437272112151,-0.009456930282501608,-0.02086459447311184,-0.012,0.015600000000000001,0.0003,-0.0037,0.0,0.0,Low VIX,Bull
2013-07-01,0.05724197796005637,0.06650387340401887,0.0686600119380174,0.04821584914645216,0.051278641198297725,0.0565,0.0181,0.005699999999999999,-0.013500000000000002,0.005,0.0,Low VIX,Neutral
2013-08-01,-0.029991792897625436,-0.003959429649769475,-0.02739970200272457,-0.03284563771017113,-0.013616811137876939,-0.0271,-0.0006,-0.0269,0.0066,-0.0216,0.0,Low VIX,Bull
2013-09-01,0.02664190135067601,0.04518346039985954,0.0620643179071505,0.02048019801400014,0.04086287885615181,0.0377,0.0263,-0.012199999999999999,-0.005699999999999999,-0.013500000000000002,0.0,Low VIX,Neutral
2013-10-01,0.051406738450850975,0.052720404840766344,0.02692689680355964,0.048876586824985635,0.04762116935011429,0.0418,-0.0148,0.0125,0.0277,0.0087,0.0,Low VIX,Neutral
2013-11-01,0.029637443076619086,0.035511739784539254,0.03956380619815403,0.02722818188049292,0.02743395070460175,0.0313,0.0141,0.0032,0.0014000000000000002,0.0004,0.0,Low VIX,Bull
2013-12-01,0.02038713394111369,0.026011958450002037,0.01629824573894023,0.018824950694172227,0.02455602220425579,0.0281,-0.0045000000000000005,-0.0002,-0.0045000000000000005,0.001,0.0,Low VIX,Bull
2014-01-01,-0.030010652551698658,-0.016097968162010923,-0.02399564770858431,-0.030105890528105084,-0.02537081406657793,-0.0332,0.0058,-0.0207,-0.0387,-0.0143,0.0,Low VIX,Bull
2014-02-01,0.045515811571369635,0.04717758673764472,0.047788663360686545,0.04284642232934455,0.05128846570954537,0.04650000000000001,0.0013,-0.0031,-0.0021,-0.0044,0.0,High VIX,Neutral
2014-03-01,0.003864838138094351,-0.025526639169896836,-0.01004048971880922,0.01922244859772282,-0.013564394214890418,0.0043,-0.0108,0.0493,0.0213,0.0192,0.0,Low VIX,Neutral
2014-04-01,0.011395444662480214,-0.0009145198209126182,-0.03499143089655676,0.01413121026218711,0.004010799300432133,-0.0019,-0.041100000000000005,0.011699999999999999,0.0347,0.01,0.0,Low VIX,Bull
2014-05-01,0.023206828946983338,0.0448564927342352,0.007858590444827174,0.014068397002910293,0.030369841541984854,0.0206,-0.0189,-0.0013,0.0006,-0.01,0.0,Low VIX,Neutral
2014-06-01,0.015777312680399502,0.02847432024169194,0.0527204168220905,0.025519175153881024,0.019051794421405255,0.026099999999999998,0.031,-0.006999999999999999,-0.018799999999999997,-0.02,0.0,Low VIX,Neutral
2014-07-01,-0.008710605693151185,0.01453878517156193,-0.06413620118694852,-0.02211906456419299,-0.018695609512392353,-0.0204,-0.043,0.0004,0.009000000000000001,0.0053,0.0,Low VIX,Bull
2014-08-01,0.03946386765993637,0.05009503182982766,0.05232019701227886,0.04179375102647431,0.04894048299987941,0.0424,0.0031,-0.0045000000000000005,-0.0064,-0.0069,0.0,Low VIX,Neutral
2014-09-01,-0.018384718625252816,-0.009921971896695858,-0.061856676126712085,-0.024844218295577702,-0.01737281899468235,-0.0197,-0.0371,-0.013500000000000002,0.0129,-0.0052,0.0,Low VIX,Neutral
2014-10-01,0.028335583152843347,0.02886136767724934,0.06886364416466084,0.025891460073348194,0.02849891367163071,0.0252,0.0373,-0.018000000000000002,-0.005600000000000001,-0.001,0.0,Low VIX,Neutral
2014-11-01,0.02747169102492908,0.0454636579967298,0.0011155348283691247,0.02201571548927328,0.03288672778332091,0.0255,-0.022799999999999997,-0.031,0.015,0.0026,0.0,Low VIX,Neutral
2014-12-01,-0.008011242720357137,-0.026035299246703336,0.02510916423682996,-0.00047854934878488464,-0.01483805007785266,-0.0006,0.0286,0.0227,-0.012199999999999999,0.0096,0.0,Low VIX,Neutral
2015-01-01,-0.024273985625997696,-0.017174643833277825,-0.029166037964545533,-0.03383910085773445,-0.010897950775556109,-0.0311,-0.0092,-0.0359,0.0161,-0.0165,0.0,Low VIX,Neutral
2015-02-01,0.05620500496536307,0.0722053692803235,0.05946425085685658,0.047666871263305266,0.0659163334429076,0.0613,0.0032,-0.018600000000000002,-0.011200000000000002,-0.0182,0.0,High VIX,Neutral
2015-03-01,-0.02007976840994219,-0.025830000014471444,0.014602566399833483,-0.018846345392542374,-0.014937334922733969,-0.011200000000000002,0.030699999999999998,-0.0038,0.0009,-0.0052,0.0,Low VIX,Neutral
2015-04-01,0.014341308963450539,0.02156748886274218,-0.02267500369191655,0.013819221865951858,0.008709521675096532,0.0059,-0.030899999999999997,0.0182,0.0006,-0.0060999999999999995,0.0,Low VIX,Neutral
2015-05-01,0.012856282324053891,0.022484719726245883,0.02236344800917056,0.0124056221684814,0.013171297023339745,0.013600000000000001,0.0084,-0.0115,-0.018000000000000002,-0.0075,0.0,Low VIX,Neutral
2015-06-01,-0.0250544715641986,-0.027078967785107766,0.007829480719995896,-0.02023214576516963,-0.017465731078791347,-0.015300000000000001,0.028999999999999998,-0.0079,0.0044,-0.0158,0.0,Low VIX,Neutral
2015-07-01,0.02756333772398878,0.04798244659100659,-0.015217096301490707,-0.0023268800502265208,0.03050221094678185,0.0154,-0.0455,-0.041299999999999996,0.003,-0.0242,0.0,Low VIX,Neutral
2015-08-01,-0.06095032341113915,-0.06824474407532732,-0.05913525608797554,-0.053057364846456734,-0.05777709044681101,-0.0604,0.0025,0.0277,0.0068000000000000005,0.011899999999999999,0.0,Low VIX,Neutral
2015-09-01,-0.030555789138074996,-0.024446049640910794,-0.052083519919415844,-0.03606502841108905,-0.02922747717233909,-0.030699999999999998,-0.0279,0.005600000000000001,0.0177,-0.0058,0.0,High VIX,Neutral
2015-10-01,0.09070068687626698,0.11640822365658088,0.059257863050382165,0.08109145224464531,0.09053899931299547,0.0775,-0.0208,-0.0046,0.009000000000000001,0.0053,0.0,High VIX,Neutral
2015-11-01,0.003655218380970826,0.006088320581330464,0.03259936454482748,0.004487067649496135,0.0030666684158895396,0.005699999999999999,0.033,-0.0042,-0.0274,-0.01,0.0,Low VIX,Neutral
2015-12-01,-0.023096695020040747,-0.01894394243963693,-0.05440831705588922,-0.028588615499619996,-0.018935028643148333,-0.0217,-0.03,-0.026099999999999998,0.005,-0.0001,0.0001,Low VIX,Neutral
2016-01-01,-0.04413110593818603,-0.06626102471670836,-0.08180702988021504,-0.04645037632577187,-0.053202644432080004,-0.057699999999999994,-0.0347,0.0209,0.0281,0.030699999999999998,0.0001,High VIX,Neutral
2016-02-01,-0.0008262585101954656,-0.015653662568495763,-0.002233925808581616,0.0,0.0,-0.0007000000000000001,0.0088,-0.005699999999999999,0.0325,0.0202,0.0002,High VIX,Neutral
2016-03-01,0.06178964659304231,0.0653658314863037,0.07690053682306597,0.06602627387859372,0.06341230141563381,0.0696,0.010700000000000001,0.011899999999999999,0.0077,-0.0008,0.0002,Low VIX,Neutral
2016-04-01,0.009119423201628063,-0.02899629861081332,0.019775772544730064,0.027356822862434793,-0.005561461717660032,0.0091,0.0123,0.032799999999999996,-0.0297,0.019,0.0001,Low VIX,Neutral
2016-05-01,0.017011618534508388,0.04370037906453739,0.022404056462446142,0.014669109504179767,0.019623593264804784,0.0178,-0.0060999999999999995,-0.0166,-0.0109,-0.024900000000000002,0.0001,Low VIX,Neutral
2016-06-01,-0.0017157525393366457,-0.02537601079142593,-0.00017388280299079906,0.008400808115483827,-0.0043648328427944305,-0.0005,0.0045000000000000005,-0.0148,0.0141,0.0194,0.0002,Low VIX,Neutral
2016-07-01,0.04186143262357356,0.07436199118888243,0.05296555327486474,0.02276479013096311,0.04344331350614428,0.0395,0.0248,-0.0132,0.0125,-0.0118,0.0002,Low VIX,Neutral
2016-08-01,0.001197123454068194,0.010500840742985629,0.023431099192137594,0.013776932519123042,-0.0012222093624083552,0.0049,0.0169,0.0318,-0.018500000000000003,-0.0034000000000000002,0.0002,Low VIX,Neutral
2016-09-01,-0.004967964814115988,0.019580887205727482,0.007952540202003755,-0.007237439041303473,-9.585425214531096e-05,0.0025,0.018600000000000002,-0.0124,-0.022099999999999998,0.0002,0.0002,Low VIX,Neutral
2016-10-01,-0.012373262606730773,-0.012103252369540463,-0.04333368356032008,-0.01008296123979402,-0.020331361364563483,-0.0202,-0.0403,0.0409,0.009300000000000001,0.0027,0.0002,Low VIX,Neutral
2016-11-01,0.03683829973236197,0.004359129271862772,0.1106327425475988,0.05642066776208199,0.02191881261657902,0.048600000000000004,0.0707,0.0821,-0.0018,0.0369,0.0001,High VIX,Neutral
2016-12-01,0.014293672507386113,0.008340665685585114,0.024618375756722877,0.019288790395931565,0.00894466717224196,0.0182,0.0040999999999999995,0.0353,0.012199999999999999,-0.0024,0.0003,Low VIX,Neutral
2017-01-01,0.02389423930125667,0.05451025227785822,0.006954235570295619,0.01295150377802523,0.03700362849820915,0.0194,-0.014499999999999999,-0.0275,-0.005,-0.009899999999999999,0.0004,Low VIX,Neutral
2017-02-01,0.03929163731845442,0.043750729218836826,0.019300386456550633,0.03495721483111036,0.04079360532999998,0.035699999999999996,-0.0222,-0.0167,0.004699999999999999,-0.0183,0.0004,Low VIX,Neutral
2017-03-01,-0.003087091157525812,0.018150970941722466,-0.00261180422353402,-0.014659508427818269,0.009133490685708567,0.0017000000000000001,0.0074,-0.0335,0.0060999999999999995,-0.0095,0.0003,Low VIX,Bull
2017-04-01,0.014319721505257288,0.02940660846167953,0.01440549945987013,0.0031512641805695463,0.025233473179914423,0.0109,0.0048,-0.0213,0.019,-0.016,0.0005,Low VIX,Neutral
2017-05-01,0.014112958325508407,0.03897327249756888,-0.019703982864526792,-0.0016562003400575342,0.025874229921100778,0.0106,-0.030600000000000002,-0.0378,0.0095,-0.0179,0.0006,Low VIX,Neutral
2017-06-01,0.0014909204522495223,-0.025833281949040443,0.033744189530316104,0.01658947890117246,-0.0026809493740597157,0.0078000000000000005,0.0258,0.0148,-0.0222,0.0,0.0006,Low VIX,Bull
2017-07-01,0.02553103007152835,0.0434476370786927,0.004186839457742453,0.006613445338758517,0.022517046551308484,0.0187,-0.0169,-0.0031,-0.0067,-0.002,0.0007000000000000001,Low VIX,Neutral
2017-08-01,0.0029178710163502153,0.02073631125877884,-0.0083133205581285,-0.0059437157385873185,0.02180343366780546,0.0016,-0.0183,-0.021,0.0015,-0.023799999999999998,0.0009,Low VIX,Neutral
2017-09-01,0.015111576786309033,-0.005129882442899469,0.06047380697487248,0.023491016829346734,0.009280832791247251,0.025099999999999997,0.04769999999999999,0.031200000000000002,-0.015,0.0171,0.0009,Low VIX,Neutral
2017-10-01,0.028643826077248802,0.04835369664655231,0.009726779370294647,0.01308673757995793,0.04225564855698538,0.0225,-0.0194,0.0019,0.0091,-0.0326,0.0009,Low VIX,Neutral
2017-11-01,0.03056560644906714,0.01971696933597067,0.029412237864234303,0.030488437598786833,0.02947006607821745,0.031200000000000002,-0.0032,-0.0003,0.0319,-0.0006,0.0008,Low VIX,Neutral
2017-12-01,0.006980992139598685,0.003931943173394181,-0.0077448005807835285,0.010647994963147278,0.006652682122417319,0.0106,-0.0106,0.0006,0.0075,0.017,0.0009,Low VIX,Bull
2018-01-01,0.061758776990668895,0.08984508430391425,0.02946639632958936,0.04311833359591821,0.07232067295056432,0.0557,-0.0317,-0.0128,-0.0075,-0.0091,0.0012,Low VIX,Bull
2018-02-01,-0.03636053662170702,-0.012927962418069483,-0.03843664378249012,-0.048356956849119004,-0.026033990315279643,-0.0365,0.0032,-0.0104,0.0048,-0.022799999999999997,0.0011,Low VIX,Bull
2018-03-01,-0.03129012256917452,-0.04234199111095949,0.009843343198558063,-0.023127050516779546,-0.02993791742544727,-0.0235,0.036000000000000004,-0.002,-0.0042,-0.0002,0.0011,High VIX,Neutral
2018-04-01,0.009193931338353556,0.006688659044572276,0.012145187395262491,0.008748665152659152,0.005507347588497913,0.0029,0.009300000000000001,0.0054,-0.024399999999999998,0.0128,0.0014000000000000002,High VIX,Neutral
2018-05-01,0.024309026135823864,0.056729436222890284,0.06163618517296521,0.005899927415074835,0.043825621197878695,0.0265,0.0475,-0.0322,-0.020499999999999997,-0.015300000000000001,0.0014000000000000002,Low VIX,Neutral
2018-06-01,0.0012547430123874825,0.00929017299854129,0.006143514365832603,0.0027262506613368043,0.009618827510281758,0.0048,0.008,-0.0233,0.008,0.002,0.0014000000000000002,Low VIX,Neutral
2018-07-01,0.041703760764105535,0.03016425051987559,0.012822848896932859,0.032460077205601845,0.02579956353733781,0.0319,-0.019299999999999998,0.0045000000000000005,0.0155,0.0034999999999999996,0.0016,Low VIX,Neutral
2018-08-01,0.03191927461350863,0.057806896118783646,0.04688339226596949,0.020224080776511943,0.05736341064627681,0.0344,0.006500000000000001,-0.04,-0.0031,-0.027000000000000003,0.0016,Low VIX,Neutral
2018-09-01,0.001412599544947435,-0.004607848058422959,-0.02583537853882223,-0.0037764591114571866,0.0030222055614912424,0.0006,-0.024900000000000002,-0.0171,0.0063,0.0129,0.0015,Low VIX,Neutral
2018-10-01,-0.06489037368631745,-0.08431230345212926,-0.10751604269026449,-0.045685394043088134,-0.08655681440826013,-0.0768,-0.044500000000000005,0.034,0.0095,0.0358,0.0019,Low VIX,Neutral
2018-11-01,0.018549282981028536,-0.0026497170339006004,0.01726301234419414,0.028228855141794185,0.008727668823670376,0.0169,-0.0077,0.0028000000000000004,-0.0055000000000000005,0.0039000000000000003,0.0018,High VIX,Neutral
2018-12-01,-0.09334303741172634,-0.08921314266293323,-0.12265754157967956,-0.10066404935597761,-0.08658932659044805,-0.09570000000000001,-0.0288,-0.018799999999999997,-0.0003,0.0021,0.002,Low VIX,Neutral
2019-01-01,0.08637294944633722,0.09322657703450621,0.11694396335094592,0.08407116867499531,0.09180479148007059,0.084,0.0301,-0.0045000000000000005,-0.0078000000000000005,-0.0152,0.0021,High VIX,Neutral
2019-02-01,0.032415609133813694,0.029912192683129835,0.051791413546608434,0.03195845712275558,0.035927371539173025,0.034,0.0175,-0.0271,0.0012,-0.016,0.0018,Low VIX,Neutral
2019-03-01,0.013635610820029509,0.03735743473052966,-0.023536012016253438,0.0011352638312398522,0.02526611404750012,0.011000000000000001,-0.0351,-0.0412,0.0091,-0.009399999999999999,0.0019,Low VIX,Neutral
2019-04-01,0.04543716912297979,0.056912921410412265,0.03672308087668408,0.040050517030102206,0.04737539628313314,0.0397,-0.0115,0.0216,0.0159,-0.0222,0.0021,Low VIX,Neutral
2019-05-01,-0.06377098327762554,-0.08225184574365374,-0.07852677568036703,-0.06403135122502668,-0.06249970994467058,-0.0694,-0.0159,-0.023700000000000002,-0.0046,0.0177,0.0021,Low VIX,Neutral
2019-06-01,0.06440916239775474,0.07352702005422418,0.06609118296701477,0.06397930081230818,0.06167312229301958,0.0693,0.0037,-0.006999999999999999,0.009000000000000001,-0.0044,0.0018,High VIX,Neutral
2019-07-01,0.020056965623211465,0.025610750592932163,0.010365841957487243,0.01528105116637235,0.028185080882343172,0.011899999999999999,-0.0178,0.004699999999999999,-0.0007000000000000001,0.0034000000000000002,0.0019,Low VIX,Neutral
2019-08-01,-0.016743125460369268,-0.01899566992322177,-0.04931025020711122,-0.030053127102495636,-0.008616400371348809,-0.0258,-0.032400000000000005,-0.0479,0.005600000000000001,-0.0068000000000000005,0.0016,High VIX,Neutral
2019-09-01,0.014771142682441063,0.007147977973603226,0.01679660988326348,0.029539168521258485,-0.0018757653267718055,0.0143,0.0026,0.0677,0.0184,0.0339,0.0018,High VIX,Neutral
2019-10-01,0.026824910298920424,0.04590571000334798,0.03076770268862017,0.020591182061332036,0.031002264653070544,0.0206,0.0027,-0.019,0.0043,-0.0095,0.0016,High VIX,Neutral
2019-11-01,0.03619820267384011,0.04069410417844521,0.040656316817152094,0.03082918380030919,0.044413197766860035,0.0388,0.0045000000000000005,-0.0199,-0.0163,-0.0125,0.0012,Low VIX,Neutral
2019-12-01,0.024020834481269127,0.03661622849836066,0.024108213474000717,0.017899915582485715,0.026191313967032226,0.0277,0.0097,0.0178,-0.0002,0.0123,0.0014000000000000002,Low VIX,Neutral
2020-01-01,0.0045107311674732475,0.03261812425007782,-0.027470774856861002,-0.012994452554414337,0.025300588351178543,-0.0011,-0.044000000000000004,-0.0625,-0.012,-0.023,0.0013,Low VIX,Bull
2020-02-01,-0.07916573754313438,-0.06057442597896778,-0.0884569728083483,-0.0929170383086344,-0.06631452003371852,-0.08130000000000001,0.0004,-0.038,-0.0149,-0.0252,0.0012,High VIX,Bull
2020-03-01,-0.12998723224859643,-0.07482988145066971,-0.2177954070860203,-0.18134551245885544,-0.1031140183000705,-0.13390000000000002,-0.0824,-0.1388,-0.015600000000000001,0.0126,0.0013,High VIX,Neutral
2020-04-01,0.1336105986412386,0.15218768131575944,0.14287825367563634,0.12128357102944953,0.1503003202618045,0.1365,0.0256,-0.0134,0.0273,-0.0103,0.0,High VIX,Bear
2020-05-01,0.04764512224555406,0.06600884007011953,0.06592001045383533,0.03491414986971364,0.06679030965429544,0.0558,0.0199,-0.048499999999999995,0.009300000000000001,-0.032400000000000005,0.0001,High VIX,Neutral
2020-06-01,0.013275641040851438,0.06102163504378888,0.03081356318028594,-0.013143972153729533,0.04139563851625083,0.0246,0.0197,-0.0223,0.0013,0.0053,0.0001,High VIX,Neutral
2020-07-01,0.06355171144566474,0.0753317880404849,0.03267420696429535,0.046425776504038785,0.07989720519854293,0.057699999999999994,-0.0318,-0.0144,0.004,0.0103,0.0001,High VIX,Neutral
2020-08-01,0.06979700079925033,0.10944746017347917,0.05476399684924749,0.04080931872010951,0.10170132771056006,0.07629999999999999,-0.0095,-0.0288,0.0433,-0.0126,0.0001,High VIX,Bull
2020-09-01,-0.04128151386288148,-0.05778611556371449,-0.03628634888533022,-0.03100633251925833,-0.04839396911232807,-0.0363,-0.0005,-0.0265,-0.0128,-0.0196,0.0001,High VIX,Bull
2020-10-01,-0.021030162485442316,-0.03044932452968585,0.025926172569586292,-0.005778300849572426,-0.03173708121453633,-0.021,0.0454,0.0431,-0.0076,-0.0088,0.0001,High VIX,Bull
2020-11-01,0.10877671498507158,0.11225801414274184,0.18244198167068015,0.13424158492583071,0.10334962818972682,0.1247,0.0705,0.0215,-0.0222,0.0128,0.0001,High VIX,Neutral
2020-12-01,0.03264637248244262,0.04712639643769245,0.08308444641054757,0.03270351794827597,0.042812646832707246,0.0463,0.047,-0.0134,-0.018799999999999997,-0.0026,0.0001,High VIX,Bull
2021-01-01,-0.005971134669675471,0.00443088453494922,0.05172636374923689,-0.005053244412051794,-0.006280483073589638,-0.0003,0.0708,0.0285,-0.0392,0.0518,0.0001,High VIX,Bull
2021-02-01,0.027805270101018964,-0.0013351662856317947,0.06202567603206033,0.059952667287541894,-0.00029260017245247294,0.0278,0.045599999999999995,0.071,0.0039000000000000003,-0.0195,0.0,High VIX,Bull
2021-03-01,0.04198680808999522,0.015884414307484107,0.01204713040787908,0.05565644180283047,0.016181006927072472,0.0308,-0.0078000000000000005,0.0727,0.0634,0.035699999999999996,0.0,High VIX,Bull
2021-04-01,0.05635887865630185,0.06043603043864909,0.019792350640794876,0.04389783906146327,0.07029552696685837,0.0493,-0.0316,-0.0095,0.024700000000000003,-0.0271,0.0,Low VIX,Bull
2021-05-01,0.006566227230586641,-0.0120121813513544,0.002712382466340868,0.02272306563800619,-0.013859884907565845,0.0029,0.012,0.0713,0.024,0.0302,0.0,High VIX,Bull
2021-06-01,0.01909327442403974,0.06138991934251914,0.017162039989428113,-0.015577604326595273,0.05988920148281651,0.0275,-0.0040999999999999995,-0.0775,-0.0204,-0.0102,0.0,High VIX,Bull
2021-07-01,0.027764028136758823,0.02980276010119831,-0.03482565896401346,0.012183593362017131,0.03502547477179552,0.0127,-0.045899999999999996,-0.0181,0.0548,-0.0052,0.0,Low VIX,Bull
2021-08-01,0.029759857514068067,0.042186436639273905,0.022031293752661885,0.01950372500935771,0.036485744721741264,0.0291,-0.0070999999999999995,-0.001,-0.0022,-0.0182,0.0,High VIX,Bull
2021-09-01,-0.0496501721329945,-0.057876041322575844,-0.03173687562757721,-0.04034584109696071,-0.05795811298716802,-0.0437,0.0109,0.051,-0.0195,0.0209,0.0,Low VIX,Bull
2021-10-01,0.0735921248187239,0.07983597111697205,0.04567251455561272,0.056659726450926984,0.0891692562937958,0.0665,-0.027200000000000002,-0.0045000000000000005,0.0172,-0.0144,0.0,High VIX,Neutral
2021-11-01,-0.00803484012123934,0.019968431186196733,-0.04332394400540307,-0.035675030940806485,0.006308795111957366,-0.0155,-0.0177,-0.0040999999999999995,0.0727,0.0174,0.0,Low VIX,Bull
2021-12-01,0.04258484496597559,0.010233038660321991,0.01961795613350148,0.05836019201645559,0.019040747167689442,0.031,-0.0079,0.0322,0.0483,0.0432,0.0001,High VIX,Neutral
2022-01-01,-0.04941327985232624,-0.08630453279390315,-0.09259925964438398,-0.019436779213466426,-0.08561446820585428,-0.0625,-0.0409,0.128,0.0084,0.0774,0.0,Low VIX,Bull
2022-02-01,-0.029517004107613043,-0.044759657751339166,0.01033596006429538,-0.012015997469165152,-0.04163992116645032,-0.0229,0.0292,0.031,-0.021,0.0316,0.0,High VIX,Neutral
2022-03-01,0.03437693040601775,0.04538644925935853,0.009590709677257614,0.024694489951174736,0.038102201309398565,0.030600000000000002,-0.022000000000000002,-0.0176,-0.015,0.0318,0.0001,High VIX,Neutral
2022-04-01,-0.08493511424947009,-0.1348890933079222,-0.09722049436733105,-0.053506762968161925,-0.12072818852012412,-0.0946,-0.004,0.0617,0.0347,0.0587,0.0001,High VIX,Neutral
2022-05-01,0.0022573166025063873,-0.0158662072158281,0.0019463464804492236,0.01981712441590755,-0.022851291401791873,-0.0034000000000000002,-0.0016,0.0859,0.017,0.039900000000000005,0.0003,High VIX,Neutral
2022-06-01,-0.08640687900774513,-0.09082647261664234,-0.08607193095273746,-0.09126814803419991,-0.08178679367637698,-0.08439999999999999,0.013600000000000001,-0.061,0.0174,-0.0472,0.0006,High VIX,Neutral
2022-07-01,0.09680505930056404,0.12768087781714765,0.10854665204784175,0.0702885786741505,0.12287347005746851,0.09570000000000001,0.0183,-0.0403,0.0085,-0.0682,0.0008,High VIX,Bear
2022-08-01,-0.04080198251666156,-0.051321956966369986,-0.020026659304588468,-0.02957332728855311,-0.046743038073911336,-0.0377,0.0152,0.0029,-0.0479,0.013300000000000001,0.0019,High VIX,Neutral
2022-09-01,-0.09615890738998323,-0.10696024285415118,-0.10125365328411018,-0.09315828772705625,-0.09973900088215026,-0.0935,-0.0104,0.0002,-0.0146,-0.0079,0.0019,High VIX,Neutral
2022-10-01,0.08571722650747171,0.041867673014733375,0.11738027393019013,0.10848021738264779,0.06073669686598615,0.0783,0.018799999999999997,0.0806,0.0331,0.0662,0.0023,High VIX,Bear
2022-11-01,0.05559165876653083,0.0554414871508091,0.022036835308502534,0.06177392828369799,0.04506233552712935,0.0461,-0.0275,0.0141,0.0632,0.032,0.0029,High VIX,Neutral
2022-12-01,-0.06193594539985203,-0.09230961097120105,-0.06943475714468061,-0.04616650312255466,-0.07897314590102433,-0.0641,-0.0014000000000000002,0.0134,0.0027,0.0421,0.0033,High VIX,Neutral
2023-01-01,0.06776817387265455,0.10907782737944371,0.10325448832932582,0.05806155823721815,0.08600322730339505,0.0664,0.044199999999999996,-0.04,-0.0242,-0.0444,0.0034999999999999996,High VIX,Neutral
2023-02-01,-0.025142639103710396,-0.0035976563694405383,-0.01723422172126199,-0.035246167569955245,-0.011892233796261586,-0.0259,0.0066,-0.0083,0.0103,-0.0132,0.0034000000000000002,High VIX,Neutral
2023-03-01,0.03313486982772251,0.09323479693212655,-0.05197146001273267,-0.010206171023614874,0.06545418169507267,0.025099999999999997,-0.0693,-0.08869999999999999,0.0233,-0.0239,0.0036,High VIX,Neutral
2023-04-01,0.019852435192944995,0.006634760038568777,-0.014313409156046841,0.020880730510649315,0.012468425810197914,0.0060999999999999995,-0.025699999999999997,-0.0005,0.0242,0.0285,0.0034999999999999996,High VIX,Neutral
2023-05-01,0.004616154089404967,0.07883804226607549,-0.00816213499497409,-0.03886712723045593,0.046874363950958564,0.0034999999999999996,-0.0038,-0.0774,-0.0182,-0.07200000000000001,0.0036,Low VIX,Neutral
2023-06-01,0.060859191409466495,0.06158230971499745,0.0776888981246977,0.06197020242077822,0.06493805455518853,0.0647,0.013600000000000001,-0.002,0.0227,-0.016200000000000003,0.004,Low VIX,Neutral
2023-07-01,0.036569372932671707,0.04002586065234981,0.06402669210267553,0.03948732910945174,0.03590927997695448,0.0321,0.028399999999999998,0.041100000000000005,-0.005699999999999999,0.0062,0.0045000000000000005,Low VIX,Bull
2023-08-01,-0.016251980448903303,-0.014830178324002685,-0.05082781585652285,-0.026990668861409106,-0.009591254169210028,-0.0239,-0.0368,-0.0108,0.0342,-0.023700000000000002,0.0045000000000000005,Low VIX,Bull
2023-09-01,-0.0507826822322206,-0.05217059974753768,-0.0629340675240001,-0.04503709189666061,-0.056471885092768015,-0.0524,-0.0179,0.014499999999999999,0.018500000000000003,-0.0084,0.0043,Low VIX,Bull
2023-10-01,-0.01825788117207161,-0.019237237522869988,-0.06477227383638606,-0.02938037981524244,-0.012697584614061785,-0.0318,-0.0405,0.0019,0.024700000000000003,-0.0067,0.004699999999999999,Low VIX,Neutral
2023-11-01,0.09134375697340391,0.10818815191743303,0.09202530545105914,0.07560428988234902,0.10968672722443462,0.0883,-0.0011,0.0166,-0.0381,-0.009899999999999999,0.0044,Low VIX,Neutral
2023-12-01,0.041433007040224235,0.05321094663146586,0.11716576055387451,0.04927295792041564,0.0423229995456158,0.0487,0.0733,0.0492,-0.0304,0.013000000000000001,0.0043,Low VIX,Neutral
2024-01-01,0.020045484929507085,0.02076239651880507,-0.03548818067790582,0.006454546085358226,0.026415119612505533,0.006999999999999999,-0.056799999999999996,-0.024700000000000003,0.0066,-0.0102,0.004699999999999999,Low VIX,Bull
2024-02-01,0.052186856231294154,0.05283361687603705,0.05625245324288519,0.03574229184998723,0.066267359102957,0.0507,-0.0076,-0.0352,-0.019799999999999998,-0.0216,0.0042,Low VIX,Bull
2024-03-01,0.029503110422231638,0.011412311247424256,0.032248676336494864,0.04583671516535204,0.017847339505002502,0.028300000000000002,-0.0118,0.042199999999999994,0.0147,0.011899999999999999,0.0043,Low VIX,Bull
2024-04-01,-0.037337736809220146,-0.042473348085385054,-0.06610825311150814,-0.03829470608924679,-0.04090320878675624,-0.0467,-0.0255,-0.0052,0.0148,-0.003,0.004699999999999999,Low VIX,Bull
2024-05-01,0.05057966739520281,0.06151807434533474,0.05038292453358628,0.03300290567218034,0.06024665566252918,0.0434,0.0077,-0.0167,0.0297,-0.030699999999999998,0.0044,Low VIX,Neutral
2024-06-01,0.0319509001632825,0.0630117338625924,-0.01399634576612907,-0.015183983889314745,0.06491562819971897,0.0277,-0.0437,-0.0331,0.0051,-0.0178,0.0040999999999999995,Low VIX,Bull
2024-07-01,0.0153742866810056,-0.015218310934621893,0.10643658991406735,0.055319464070050506,-0.01619171131557373,0.0124,0.0828,0.0574,0.0022,0.0043,0.0045000000000000005,Low VIX,Bull
2024-08-01,0.023365615551036223,0.011038725539609162,-0.01688550819535073,0.026882640707581285,0.020296502875607914,0.0161,-0.0365,-0.0113,0.0085,0.0086,0.0048,High VIX,Bull
2024-09-01,0.017882566099375774,0.024775851738291887,0.003680414840405044,0.007858960898776912,0.02714395365518052,0.0174,-0.0102,-0.0259,0.0004,-0.0026,0.004,Low VIX,Bull
2024-10-01,-0.005883730627346262,-0.007253167965366347,-0.01080594251588074,-0.005805157481837631,-0.002298038809980474,-0.0097,-0.0088,0.0089,-0.0138,0.0103,0.0039000000000000003,High VIX,Bull
2024-11-01,0.059633391225145216,0.05350822127356314,0.11071813335408898,0.06452463786694751,0.06530108832148707,0.06509999999999999,0.0478,-0.0005,-0.0262,-0.0217,0.004,High VIX,Neutral
2024-12-01,-0.027333658594468235,0.002923171135319924,-0.08645127790289764,-0.07337691759186016,0.00803253391559533,-0.0317,-0.0387,-0.029500000000000002,0.0182,-0.011000000000000001,0.0037,High VIX,Bull
